<?xml version="1.0" encoding="UTF-8"?>
<GenRun Id="impl_1" LaunchPart="xc7z020clg484-1" LaunchTime="1732785759">
  <File Type="ROUTE-PWR" Name="sobel_power_routed.rpt"/>
  <File Type="PA-TCL" Name="sobel.tcl"/>
  <File Type="BITSTR-BMM" Name="sobel_bd.bmm"/>
  <File Type="ROUTE-PWR-SUM" Name="sobel_power_summary_routed.pb"/>
  <File Type="REPORTS-TCL" Name="sobel_reports.tcl"/>
  <File Type="OPT-DCP" Name="sobel_opt.dcp"/>
  <File Type="OPT-DRC" Name="sobel_drc_opted.rpt"/>
  <File Type="OPT-HWDEF" Name="sobel.hwdef"/>
  <File Type="PWROPT-DCP" Name="sobel_pwropt.dcp"/>
  <File Type="PLACE-DCP" Name="sobel_placed.dcp"/>
  <File Type="PLACE-IO" Name="sobel_io_placed.rpt"/>
  <File Type="PLACE-UTIL" Name="sobel_utilization_placed.rpt"/>
  <File Type="PLACE-UTIL-PB" Name="sobel_utilization_placed.pb"/>
  <File Type="PLACE-CTRL" Name="sobel_control_sets_placed.rpt"/>
  <File Type="PLACE-PRE-SIMILARITY" Name="sobel_incremental_reuse_pre_placed.rpt"/>
  <File Type="BG-BGN" Name="sobel.bgn"/>
  <File Type="POSTPLACE-PWROPT-DCP" Name="sobel_postplace_pwropt.dcp"/>
  <File Type="BG-BIN" Name="sobel.bin"/>
  <File Type="PHYSOPT-DCP" Name="sobel_physopt.dcp"/>
  <File Type="BITSTR-MSK" Name="sobel.msk"/>
  <File Type="ROUTE-ERROR-DCP" Name="sobel_routed_error.dcp"/>
  <File Type="ROUTE-DCP" Name="sobel_routed.dcp"/>
  <File Type="ROUTE-BLACKBOX-DCP" Name="sobel_routed_bb.dcp"/>
  <File Type="ROUTE-DRC" Name="sobel_drc_routed.rpt"/>
  <File Type="ROUTE-DRC-PB" Name="sobel_drc_routed.pb"/>
  <File Type="ROUTE-DRC-RPX" Name="sobel_drc_routed.rpx"/>
  <File Type="BITSTR-LTX" Name="sobel.ltx"/>
  <File Type="ROUTE-METHODOLOGY-DRC" Name="sobel_methodology_drc_routed.rpt"/>
  <File Type="BITSTR-MMI" Name="sobel.mmi"/>
  <File Type="ROUTE-METHODOLOGY-DRC-RPX" Name="sobel_methodology_drc_routed.rpx"/>
  <File Type="ROUTE-METHODOLOGY-DRC-PB" Name="sobel_methodology_drc_routed.pb"/>
  <File Type="BITSTR-SYSDEF" Name="sobel.sysdef"/>
  <File Type="ROUTE-PWR-RPX" Name="sobel_power_routed.rpx"/>
  <File Type="ROUTE-STATUS" Name="sobel_route_status.rpt"/>
  <File Type="ROUTE-STATUS-PB" Name="sobel_route_status.pb"/>
  <File Type="ROUTE-TIMINGSUMMARY" Name="sobel_timing_summary_routed.rpt"/>
  <File Type="ROUTE-TIMING-PB" Name="sobel_timing_summary_routed.pb"/>
  <File Type="ROUTE-TIMING-RPX" Name="sobel_timing_summary_routed.rpx"/>
  <File Type="ROUTE-CLK" Name="sobel_clock_utilization_routed.rpt"/>
  <File Type="ROUTE-BUS-SKEW" Name="sobel_bus_skew_routed.rpt"/>
  <File Type="ROUTE-BUS-SKEW-PB" Name="sobel_bus_skew_routed.pb"/>
  <File Type="ROUTE-BUS-SKEW-RPX" Name="sobel_bus_skew_routed.rpx"/>
  <File Type="POSTROUTE-PHYSOPT-DCP" Name="sobel_postroute_physopt.dcp"/>
  <File Type="POSTROUTE-PHYSOPT-BLACKBOX-DCP" Name="sobel_postroute_physopt_bb.dcp"/>
  <File Type="BG-BIT" Name="sobel.bit"/>
  <File Type="BITSTR-RBT" Name="sobel.rbt"/>
  <File Type="BITSTR-NKY" Name="sobel.nky"/>
  <File Type="BG-DRC" Name="sobel.drc"/>
  <File Type="RDI-RDI" Name="sobel.vdi"/>
  <File Type="WBT-USG" Name="usage_statistics_webtalk.html"/>
  <FileSet Name="sources" Type="DesignSrcs" RelSrcDir="$PSRCDIR/sources_1">
    <Filter Type="Srcs"/>
    <File Path="$PSRCDIR/sources_1/imports/HDL_HW4_sobel_edge_detector/sobel.v">
      <FileInfo>
        <Attr Name="ImportPath" Val="$PPRDIR/../../../../../../../../Desktop/HDL_HW4_sobel_edge_detector/sobel.v"/>
        <Attr Name="ImportTime" Val="1732782485"/>
        <Attr Name="UsedIn" Val="synthesis"/>
        <Attr Name="UsedIn" Val="implementation"/>
        <Attr Name="UsedIn" Val="simulation"/>
      </FileInfo>
    </File>
    <Config>
      <Option Name="DesignMode" Val="RTL"/>
      <Option Name="TopModule" Val="sobel"/>
      <Option Name="TopAutoSet" Val="TRUE"/>
    </Config>
  </FileSet>
  <FileSet Name="constrs_in" Type="Constrs" RelSrcDir="$PSRCDIR/constrs_1">
    <Filter Type="Constrs"/>
    <File Path="$PSRCDIR/constrs_1/new/constraints.xdc">
      <FileInfo>
        <Attr Name="ImportPath" Val="$PPRDIR/../../../../../../../../Desktop/HDL_HW4_sobel_edge_detector/HDL_HW4_sobel_edge_detector.srcs/constrs_1/new/constraints.xdc"/>
        <Attr Name="ImportTime" Val="1732783968"/>
        <Attr Name="UsedIn" Val="synthesis"/>
        <Attr Name="UsedIn" Val="implementation"/>
      </FileInfo>
    </File>
    <Config>
      <Option Name="TargetConstrsFile" Val="$PSRCDIR/constrs_1/new/constraints.xdc"/>
      <Option Name="ConstrsType" Val="XDC"/>
    </Config>
  </FileSet>
  <FileSet Name="utils" Type="Utils" RelSrcDir="$PSRCDIR/utils_1">
    <Filter Type="Utils"/>
    <Config>
      <Option Name="TopAutoSet" Val="TRUE"/>
    </Config>
  </FileSet>
  <Strategy Version="1" Minor="2">
    <StratHandle Name="Vivado Implementation Defaults" Flow="Vivado Implementation 2018"/>
    <Step Id="init_design"/>
    <Step Id="opt_design"/>
    <Step Id="power_opt_design"/>
    <Step Id="place_design"/>
    <Step Id="post_place_power_opt_design"/>
    <Step Id="phys_opt_design"/>
    <Step Id="route_design"/>
    <Step Id="post_route_phys_opt_design"/>
    <Step Id="write_bitstream"/>
  </Strategy>
</GenRun>
